UNIT_SIZE,ABS,PERC
2,30179,0.2155889244485084
3,43686,0.3120428571428571
4,52582,0.3755857142857143
5,59675,0.42625
6,65612,0.46868057688598713
