;CAN_CORE_RATIO;WT_CAN_CORE_RATIO
mean;190.63375;380.25582
min;17.10526;34.26316
max;1215.55814;2431.13953
